l_c_x,l_c_y,l_r_x,l_r_y,l_t_x,l_t_y,l_l_x,l_l_y,l_b_x,l_b_y,r_c_x,r_c_y,r_r_x,r_r_y,r_t_x,r_t_y,r_l_x,r_l_y,r_b_x,r_b_y,x,y
317.333546,231.430049,323.191299,231.330299,317.119846,225.978699,311.288891,231.492963,317.450256,236.905818,383.575287,231.597376,389.408112,231.72718,383.389053,225.927844,377.684479,231.436028,383.758926,237.245493,1564,84
470.05764,299.953423,476.322594,303.814974,472.830124,294.52961,463.557816,295.986471,467.147102,305.387735,534.226875,337.375832,540.122643,340.473375,537.085724,331.783819,528.34404,334.211283,531.459808,342.930851,1367,15
277.982178,281.521082,283.744259,281.621418,277.744503,276.515779,272.203045,281.337948,278.191051,286.428366,345.664177,278.306179,352.055168,277.770853,345.188942,273.267574,339.376373,278.746319,346.130066,283.230743,521,760
225.38702,271.798868,231.982613,270.952492,224.505157,266.452074,218.59169,272.621298,226.212692,277.177906,293.169594,260.86401,298.494835,260.070648,292.235012,255.602074,287.835922,261.608448,294.125404,266.086178,1585,211
220.468693,272.164364,226.958942,271.258135,219.436264,266.693144,213.791885,273.029451,221.466942,277.660446,288.547974,261.074009,294.474525,260.210924,287.431431,255.273657,282.565517,261.866655,289.667339,266.802177,1565,84
363.215294,238.244762,370.494308,237.943554,362.651672,232.318997,355.750504,238.549576,363.720665,244.207563,434.235115,231.208534,440.460548,230.629206,433.576279,225.589843,427.969093,231.713891,434.899521,236.74746,1579,79
387.555885,208.513741,394.036331,208.819442,387.677803,202.735519,380.904274,208.22957,387.359543,214.279118,449.643097,212.207737,455.266953,212.548599,449.739609,206.587,444.03614,211.869078,449.572601,217.806158,1569,97
355.673218,284.805622,362.181244,284.999113,355.240669,278.6584,348.90667,284.555168,355.923233,290.985804,424.665337,281.752968,430.431633,281.606197,423.997307,275.673437,418.830833,281.841316,425.296173,287.803116,1803,13
349.486656,283.136358,355.901566,283.206997,349.06559,276.672821,342.803345,283.016567,349.728546,289.64776,420.056381,279.855509,425.944099,279.749708,419.315796,273.540058,414.069099,279.90941,420.737114,286.142378,1796,11
354.164658,289.211855,361.205673,289.086857,353.697853,283.01568,346.936073,289.302464,354.49707,295.399303,422.705803,285.479422,428.48671,285.322809,422.200623,279.498711,416.915512,285.544109,423.185425,291.37536,1711,610
349.4524,289.613714,356.246948,289.422884,349.091225,283.573637,342.572403,289.762487,349.766655,295.540724,420.618172,285.947056,426.700439,285.75717,420.059738,279.780722,414.532394,286.042671,421.173096,292.010593,1329,590
354.296188,287.933521,360.257149,287.875586,353.788719,282.269497,348.127708,287.919559,354.695663,293.635769,424.450455,284.082642,430.509338,283.935299,423.755226,277.851334,418.370247,284.144583,425.13195,290.25444,1639,168
352.306747,289.197979,359.158287,288.803616,351.81942,283.236866,345.34874,289.561129,352.703514,295.108938,422.775726,285.085001,428.954697,284.880438,422.157822,278.792925,416.585464,285.205393,423.387527,291.301231,1362,325
356.867332,288.575621,363.222427,288.465242,356.05957,282.66758,350.261269,288.614674,357.521439,294.516535,426.330566,284.343338,432.128754,284.16544,425.644379,278.36483,420.468102,284.446192,426.980247,290.277901,1823,136
331.928673,286.724854,338.48896,286.453028,331.621017,281.000605,325.244637,286.947041,332.173119,292.37752,401.698303,280.349064,408.285294,279.796143,401.020813,274.193344,395.09758,280.83066,402.39666,286.427879,1260,616
340.745239,284.16707,346.775551,283.654518,339.650307,278.795586,334.49276,284.618397,341.750336,289.561872,407.594604,275.782957,413.180733,275.106983,406.648903,270.026064,401.920815,276.437473,408.554535,281.550121,1765,219
315.483608,287.439365,321.985168,287.149687,315.281944,281.908207,309.037037,287.703524,315.699024,292.861547,383.599701,282.704372,390.046005,282.077208,383.272171,277.316751,377.328491,283.250914,383.981819,288.080521,611,1056
325.36274,282.43515,331.563721,282.158604,324.81575,277.029562,319.031601,282.718391,325.792427,287.889433,393.997574,276.463079,399.851074,276.07132,393.228073,270.628824,388.117676,276.809921,394.749489,282.289982,1565,82
346.443405,229.634743,350.246086,229.391913,346.350479,226.282411,342.573776,229.83191,346.428566,233.040862,386.985893,233.640175,390.384903,234.172254,387.596321,230.673723,383.606377,233.084164,386.392059,236.573768,1482,216
348.935394,229.524422,352.632217,229.897714,349.077072,226.55611,345.187683,229.122763,348.760567,232.453022,388.400574,234.152184,391.641731,234.755816,388.938789,231.065669,385.186272,233.529739,387.866173,237.207813,1562,76
319.906483,237.141094,323.166237,236.696534,319.484501,234.154587,316.633968,237.587013,320.302086,240.073385,357.685242,230.910544,360.999451,230.678029,357.378044,227.914081,354.428253,231.109357,357.992134,233.867097,510,1058
323.695602,235.847611,326.639061,235.390348,323.429527,233.122945,320.667419,236.279812,323.902206,238.575912,362.356873,230.637975,365.871162,230.574603,362.303391,227.617164,358.845177,230.662193,362.390213,233.59643,1734,606
343.476448,230.403156,347.375641,230.663323,343.734322,227.609396,339.569931,230.138326,343.184471,233.138595,383.860245,234.042077,387.192802,234.527879,384.410324,231.090817,380.546074,233.544545,383.322792,236.959891,1643,279
346.713791,230.666099,350.486603,230.994344,346.885109,227.80057,342.883453,230.319815,346.50219,233.495436,386.292114,235.337076,389.605942,236.008,386.92028,232.446299,383.003044,234.63438,385.67791,238.16328,1764,369
346.48983,230.915923,350.237007,231.162214,346.688919,228.105426,342.70668,230.634184,346.233673,233.664994,385.588722,235.726147,389.106331,236.367874,386.183319,232.675581,382.123108,235.084734,385.01091,238.757343,1181,602
347.7668,230.301232,351.519699,230.597692,347.868385,227.563949,343.97541,229.980097,347.631989,233.001351,387.472305,235.416198,390.765228,236.092601,388.063354,232.497339,384.201088,234.723186,386.894379,238.287892,1800,136
317.208748,237.001591,319.752789,236.540179,316.894493,234.585171,314.568501,237.471328,317.48188,239.414606,355.381584,229.81905,359.53701,229.897628,355.363541,226.619754,351.174355,229.702835,355.37571,232.982569,1087,264
320.523949,236.716003,323.862228,235.99072,319.975204,233.848085,317.11235,237.450829,321.020622,239.565883,358.286133,229.748869,361.861,229.482493,358.027191,226.577611,354.726143,229.976077,358.526497,232.848043,1624,298
321.016502,236.654649,324.242249,235.909939,320.466232,233.939438,317.712135,237.399974,321.528473,239.351192,359.40834,229.551616,362.813835,229.269977,359.067802,226.497145,356.00399,229.804645,359.741096,232.544174,1683,227
320.384369,237.144256,323.49472,236.460056,319.899292,234.371209,317.23238,237.804966,320.820503,239.880581,358.506813,230.074182,361.93325,229.820895,358.264656,227.038164,355.10746,230.30395,358.737221,233.04328,1273,618
321.785965,236.421447,324.957008,235.727506,321.33522,233.752556,318.530769,237.107863,322.177238,239.090137,359.737015,229.742131,362.900848,229.482365,359.450378,226.789956,356.588554,229.969826,360.016785,232.621593,1763,222
364.566116,230.282364,368.214684,230.244241,363.886223,227.367582,360.969467,230.304594,365.315742,233.205886,400.537224,240.699091,402.985535,241.137371,400.767365,237.68858,398.004723,240.347157,400.164604,243.712063,1800,132
343.237457,230.091333,346.606483,230.303621,343.30349,227.310348,339.823456,229.866872,343.137512,232.828932,382.483597,233.761239,386.199341,234.369349,382.905464,230.648346,378.791428,233.123875,382.072563,236.82385,908,264
345.405884,229.959025,349.138718,230.110617,345.437508,227.293296,341.61911,229.777422,345.339088,232.570095,384.773216,234.162655,388.142166,234.788218,385.314026,231.195145,381.427727,233.529725,384.234734,237.088037,1760,263
345.608826,229.743547,349.404373,229.920287,345.704269,226.968684,341.766968,229.558539,345.501518,232.473936,384.96788,234.054909,388.272247,234.683304,385.507584,231.09478,381.680794,233.418217,384.431305,236.972322,1760,263
346.125793,229.653826,349.86454,229.857273,346.198578,226.841211,342.33448,229.432626,346.027565,232.413297,385.729904,234.124446,388.997116,234.739323,386.249161,231.261778,382.473869,233.497238,385.2108,236.947389,1798,135
336.279755,231.154103,339.71283,231.106467,336.168785,228.25676,332.813606,231.180925,336.364136,234.002109,376.470146,231.994786,379.996262,232.314606,376.614113,228.992171,372.96257,231.65627,376.331329,234.947877,966,263
336.991653,231.185975,340.482597,231.142759,336.8927,228.262038,333.466797,231.206203,337.068176,234.045711,376.509781,232.081175,379.953079,232.323918,376.664238,229.109917,373.106422,231.825528,376.378174,235.013595,925,275
340.037498,230.626216,343.819275,230.661736,339.933853,227.835259,336.196518,230.58908,340.117722,233.385758,379.165611,232.238059,382.667961,232.620292,379.472847,229.223542,375.68676,231.836987,378.871384,235.196972,1821,132
338.28537,231.121788,341.811028,231.09498,338.200264,228.154879,334.743843,231.131873,338.35453,234.032192,378.011398,232.55765,381.416893,232.917838,378.322639,229.582386,374.63932,232.188263,377.711868,235.492887,1029,327
340.356216,230.854669,343.910179,230.82211,340.167809,227.945752,336.734619,230.881376,340.524635,233.745532,379.757385,232.623725,383.286705,232.999163,380.094261,229.643269,376.24115,232.230248,379.428329,235.547991,1757,131
339.610443,231.01347,343.040581,230.976591,339.519997,228.17771,336.145859,231.028333,339.686432,233.812494,379.56562,232.715149,383.030815,233.080702,379.901962,229.751,376.116257,232.332315,379.237556,235.628843,1363,187
339.861679,231.611438,343.270378,231.546607,339.767799,228.86251,336.403275,231.644812,339.928131,234.30984,379.001656,233.274007,382.53006,233.693833,379.39106,230.315108,375.516281,232.843323,378.637009,236.190362,1011,609
339.927788,231.462908,343.555527,231.411123,339.804573,228.666916,336.264343,231.483107,340.024185,234.197001,379.202919,233.260217,382.722244,233.653879,379.557571,230.30551,375.730438,232.859058,378.872452,236.171122,1086,493
341.697578,230.72402,345.456886,230.753603,341.610756,227.876959,337.864456,230.677757,341.738358,233.525548,381.065063,233.051405,384.601936,233.505049,381.475296,230.011611,377.545967,232.577348,380.665321,236.036725,1832,130
297.27602,261.657486,300.695019,259.954662,295.806751,258.788023,293.760967,263.36237,298.688431,264.484806,336.283264,242.896786,339.817543,241.434145,334.900093,239.821758,332.727203,244.342489,337.642593,245.93502,1833,133
356.125336,246.76054,359.855499,247.547464,356.740952,243.394918,352.305908,245.928497,355.475006,250.09223,397.549782,255.695744,401.066055,256.503468,398.311615,252.240486,394.08474,254.852457,396.832504,259.152145,1030,193
355.54718,248.547478,359.575233,249.314632,356.018639,245.192242,351.442108,247.754288,355.045853,251.856823,397.774887,257.689877,401.351242,258.453426,398.421059,254.221973,394.207916,256.896114,397.154846,261.136007,1087,387
355.955505,249.015884,359.8629,249.784241,356.395073,245.705452,351.943207,248.194513,355.467415,252.267838,398.130188,257.80077,401.77681,258.576908,398.766098,254.207554,394.479141,256.989212,397.512817,261.345091,1128,590
355.868416,248.966331,359.71508,249.721355,356.288223,245.615215,351.916885,248.167219,355.409317,252.257481,398.046722,257.827492,401.624222,258.582458,398.688087,254.170818,394.467735,257.039423,397.425804,261.440449,1128,590
409.64817,286.754379,416.624336,288.280048,410.668831,281.067839,402.589035,285.150776,408.577957,292.320671,480.825996,298.770704,487.644005,299.75029,481.58638,292.63258,473.961067,297.704287,480.072632,304.833441,1116,599
368.479004,279.823895,372.422676,279.821062,368.137016,275.566034,364.481125,279.59341,368.847084,283.920937,408.159523,278.682461,416.941757,279.457455,407.866249,273.061867,399.300346,277.834053,408.275337,284.410772,458,1053
354.257584,258.973675,360.736122,258.680477,354.054832,253.197556,347.820358,259.247961,354.432182,264.753084,420.931091,257.053757,427.345161,256.94561,420.606194,251.356373,414.552231,257.072439,421.298599,262.741699,1012,24
360.924988,258.82453,367.652283,258.642197,360.626259,253.116617,354.126396,258.99745,361.134491,264.53639,427.800407,257.182789,434.141273,257.119646,427.591133,251.199474,421.435814,257.161188,428.010521,263.155832,1356,5
352.981262,262.388134,359.23687,262.330055,353.049774,256.724911,346.752014,262.438345,352.914658,268.03462,419.279366,260.50684,426.093407,260.300303,419.11499,254.826164,412.550392,260.594673,419.47319,266.202478,567,262
362.897224,260.057058,369.314423,259.88451,362.47879,254.526215,356.378517,260.203657,363.186188,265.643463,429.989395,258.308115,436.120644,258.379927,429.700089,252.282972,423.826599,258.165722,430.278282,264.29924,1534,3
310.598259,194.254303,314.83223,193.917618,310.359612,189.736276,306.384487,194.578414,310.818443,198.781486,364.457855,190.407786,369.800186,190.282245,364.181824,185.830994,359.268112,190.46339,364.804497,194.995794,467,6
338.943596,191.454248,344.337044,191.411061,338.960533,186.625915,333.567009,191.482258,338.866234,196.287117,396.82045,193.065391,402.170525,193.446364,397.256279,188.204956,391.583138,192.609115,396.45874,197.957196,724,17
340.945129,196.230612,346.288109,196.047335,340.696526,191.485691,335.6287,196.384406,341.167984,200.955949,399.088402,193.601074,404.73896,193.665648,399.040756,188.504677,393.514862,193.434134,399.192352,198.721719,644,10
327.073898,211.544881,332.233009,211.745024,327.203522,206.875348,321.912498,211.289306,326.951218,216.109471,386.016045,212.638507,391.963882,212.742548,386.181679,207.868738,380.067368,212.497959,385.864868,217.414641,618,1057
350.215454,201.561069,355.389404,201.606388,350.053558,196.936512,344.884834,201.415415,350.316925,206.146688,407.589989,202.120571,412.725029,202.189722,407.298889,196.920733,402.438278,202.005072,407.871475,207.26675,1566,85
372.760887,273.757553,378.32653,274.772987,373.537521,269.073887,367.194824,272.695541,372.009201,278.343916,440.558128,282.389746,447.289581,283.036623,440.949745,277.381983,433.843918,281.725645,440.133553,287.374735,462,1060
347.385864,261.939068,352.70668,262.590208,347.981453,256.953678,342.050629,261.218204,346.775475,266.853361,411.724167,266.282387,418.723717,266.593552,411.728859,261.140528,404.81945,265.933485,411.691093,271.386509,615,1061
368.420219,253.76936,375.055733,254.000645,368.167305,248.773613,361.688614,253.507261,368.60775,258.71069,431.081009,252.64678,437.235298,252.496033,430.700302,246.949854,424.875107,252.73344,431.470222,258.307629,1566,89
259.150906,275.895395,265.687447,276.809177,260.416718,269.300709,252.657852,274.996977,257.868938,282.553911,335.416565,283.860855,342.864265,284.651012,336.17672,277.066526,328.165817,283.019772,334.650345,290.77117,272,19
264.519653,275.283251,271.497154,275.86338,265.524921,268.230114,257.590847,274.675026,263.49144,282.382393,341.705894,281.512098,349.833527,281.951408,342.217522,274.329128,333.737564,280.945444,341.207771,288.791599,471,17
290.886688,267.341824,298.335476,266.808014,289.817905,261.210365,283.101425,267.87652,291.927223,273.524265,365.67318,256.300421,371.689606,255.767841,364.469185,249.893818,359.44973,256.851711,366.801987,262.699528,1800,16
238.170319,302.693624,245.459442,302.850094,238.460617,296.743383,230.854454,302.500362,237.848587,308.576574,319.986324,304.647818,327.973175,304.505911,320.079498,298.505259,312.07756,304.713564,319.919147,310.653563,469,1060
221.868343,267.304974,228.336411,267.602978,222.678738,260.829506,215.448151,267.005625,221.062622,273.825874,298.850098,273.577852,306.048508,274.220867,299.706879,267.637339,291.885529,272.89444,297.955971,279.642048,270,18
243.552685,225.195107,250.958652,224.590845,243.81134,217.457385,236.584663,225.32258,243.585472,232.42836,314.85466,236.595325,323.832397,238.174353,316.803818,228.708,305.719185,235.093088,312.813568,244.521704,197,53
342.67971,301.786995,350.67234,302.022915,342.813187,295.230188,334.585915,301.503525,342.464752,308.267727,427.349815,300.147457,434.935684,300.02326,427.061234,293.465023,419.702873,300.229454,427.599106,306.829805,1273,516
324.377594,288.943748,332.030106,289.137869,324.554901,282.268467,316.640205,288.723907,324.109001,295.607643,406.323128,287.442026,414.38446,287.078819,405.946388,280.334415,398.310127,287.67231,406.746597,294.494562,1063,351
339.606361,295.092201,347.387466,295.616255,339.645615,288.480463,331.635704,294.503975,339.47834,301.701679,421.064034,295.963783,428.276443,296.131639,420.966492,289.234886,413.817368,295.742455,421.136246,302.645559,1757,526
304.786682,268.921709,311.901627,269.936857,306.021843,262.188091,297.698441,267.882156,303.526306,275.663795,382.320824,278.451519,389.883385,279.219818,383.242149,271.80459,374.983749,277.580395,381.409492,285.229826,510,19
319.685535,300.139875,327.056503,300.089951,319.130516,294.084148,312.017708,300.133696,320.119095,306.192741,398.791885,295.192909,405.809097,294.915276,398.323936,288.303423,391.568947,295.410547,399.123573,302.065287,1515,541
272.488899,271.963921,279.186916,272.660551,273.337383,265.571136,265.885754,271.237707,271.625385,278.306379,348.272972,279.514246,355.863647,280.262232,349.333305,273.210268,341.026154,278.682232,347.252655,285.919447,365,16
352.15168,310.761623,360.885658,312.619572,353.235321,304.87278,343.375549,308.832865,350.98526,316.552477,436.026077,332.381058,443.212471,333.884668,437.418594,326.547318,428.892593,330.886459,434.686012,338.152628,831,653
227.170372,275.439663,234.885921,274.896641,226.530495,269.355927,219.328499,275.952702,227.720032,281.452761,299.394016,268.544941,306.025829,267.915916,298.668785,262.373571,292.730122,269.105015,300.112076,274.654341,968,450
260.670471,279.02298,266.778164,278.775673,260.124607,273.381672,254.316139,279.22863,261.143742,284.725571,329.723053,272.517614,335.206947,272.147169,329.037514,266.816025,324.195976,272.819452,330.386276,278.207846,1715,546
370.331612,220.744343,373.599281,220.501757,370.549583,217.751513,367.114983,220.982809,370.073509,223.791275,409.565277,220.598016,413.008728,220.966587,409.988747,217.601252,406.198769,220.201621,409.166183,223.604965,472,16
377.452965,223.206739,381.041794,223.29473,377.627144,220.340352,373.856049,223.080397,377.254028,226.040082,417.370682,224.766698,420.963554,225.161262,417.759247,221.731267,413.840904,224.357729,416.982498,227.78851,943,53
379.048653,223.945384,382.49424,223.991804,379.235382,220.988159,375.569649,223.868079,378.829994,226.868048,418.781853,226.030712,422.604218,226.50557,419.152527,222.872486,414.998932,225.544338,418.417625,229.143348,568,1061
382.005501,222.896633,385.464821,223.081355,382.141418,219.886894,378.476257,222.696919,381.846962,225.892296,422.127609,225.559859,425.584412,226.061211,422.566414,222.618213,418.688011,225.04961,421.687584,228.463583,1565,86
299.553261,222.636838,302.709217,223.076906,299.7612,220.023422,296.283989,222.136416,299.288082,225.271726,337.544632,232.035141,340.922928,233.01002,338.340988,229.060292,334.18129,231.045642,336.770706,234.975944,1803,17
299.879971,222.647882,303.411942,223.299522,300.368671,219.912472,296.300926,221.978388,299.376698,225.361147,337.77298,232.108755,341.1203,232.960424,338.29113,228.884768,334.430428,231.246271,337.25029,235.313945,1807,16
329.950523,226.362977,333.95237,227.290907,330.598869,222.976642,325.899773,225.41635,329.219971,229.773717,366.753082,238.281384,369.672585,239.356227,367.771339,235.312858,363.782806,237.16404,365.720749,241.214733,1195,433
340.20565,227.081165,343.350487,228.252897,341.274834,224.35441,336.993637,225.866017,339.133682,229.830093,376.215248,241.72883,379.487686,243.224974,377.573891,238.645306,372.961731,240.22542,374.877853,244.782887,1764,708
312.815437,222.337675,316.454353,223.134127,313.503342,219.263134,309.237099,221.550937,312.145538,225.354896,350.589142,228.571358,353.837357,229.539342,351.341667,225.64363,347.459946,227.599597,349.858856,231.542058,236,49
318.090134,224.014249,321.668701,224.726415,318.889942,221.055923,314.540157,223.298349,317.283058,226.876116,356.149712,232.13253,359.508591,233.149252,357.145653,229.344621,352.9216,231.13399,355.168419,234.939179,190,678
324.831963,223.329134,328.494339,224.295516,325.828438,220.359378,321.080475,222.344999,323.791389,226.2953,362.905235,234.010763,366.282654,235.305462,364.0411,231.030264,359.547997,232.68621,361.769333,236.94839,1409,139
373.409462,253.452244,376.836739,252.933884,372.938118,250.003109,370.036392,253.968258,373.861427,256.896286,412.41848,248.848028,416.592369,248.444252,412.356529,245.469675,408.323746,249.226828,412.494469,252.23465,490,809
264.000435,234.981651,270.146618,234.467669,263.238335,229.10697,257.570839,235.436683,264.650249,240.831728,335.079155,229.192686,341.434097,228.713937,334.105644,222.767844,328.649025,229.641752,336.025658,235.592866,1565.0,76.0
285.270615,257.165966,291.31424,256.785192,284.448929,251.398687,278.962021,257.477245,286.011467,262.996731,355.921173,252.1766,361.514168,251.7871,354.922714,246.39327,350.167999,252.590303,356.856499,258.075686,1802.0,19.0
259.394264,258.361702,266.24939,258.508444,259.732342,252.075291,252.549381,258.249779,259.042778,264.680071,331.826668,258.841066,338.950691,258.875656,332.041321,252.466679,324.801826,258.699932,331.660919,265.254135,478.0,375.0
310.242825,268.643589,317.430401,268.219414,309.828339,262.415657,302.937946,269.052801,310.542297,274.974632,384.441109,264.854879,391.646118,264.679384,384.238319,258.141661,377.201729,264.932957,384.687653,271.493769,1106.0,353.0
305.336838,267.972994,311.863537,267.767143,305.393143,261.686382,298.825321,268.205566,305.278454,274.293137,377.109909,264.950123,384.522705,264.698439,377.047272,258.73229,369.788284,265.103102,377.189865,271.257849,371.0,325.0
206.305962,271.862526,212.7071,270.830498,205.533218,265.907307,199.942532,272.87982,207.077999,277.858915,276.046219,260.144491,282.888546,259.164076,275.139904,253.905687,269.331303,261.051693,276.991425,266.455708,566.0,25.0
200.062027,291.556377,206.310635,290.456429,199.143009,285.706787,193.803711,292.624741,200.93977,297.385826,272.820797,279.910583,280.500355,278.55566,271.829453,274.092264,265.212994,281.176472,273.849754,285.684071,544.0,881.0
301.648769,285.373421,306.828995,285.861311,302.248821,279.576759,296.126175,284.782333,300.915012,291.33462,370.971832,288.103523,376.708908,288.28763,371.142044,282.700253,365.153732,287.87673,370.775528,293.507795,1688.0,571.0
281.30827,284.365997,288.277512,283.936529,280.485344,278.466454,274.037514,284.778128,282.006683,290.322332,353.879166,276.268158,360.080414,275.501289,352.877426,270.245533,347.614746,276.982555,354.875908,282.262802,1564.0,417.0
248.238964,284.07589,255.530224,283.609743,247.91832,278.015413,240.95295,284.495459,248.538818,290.082836,322.590561,278.174829,330.204391,277.397861,322.109261,272.050695,315.016575,278.888311,323.06942,284.244261,611.0,1059.0
270.369644,263.640976,276.816597,262.960453,269.317341,257.642384,263.716545,264.225483,271.326637,269.635048,342.405243,256.182661,348.778458,255.554066,341.390953,249.963398,335.962906,256.805964,343.384476,262.372398,1566.0,89.0
324.038544,278.904877,330.718422,279.078941,324.334106,272.67374,317.339802,278.675165,323.721352,285.045576,398.211212,278.937206,406.414223,278.783798,398.251076,272.762089,390.044823,279.047184,398.178177,285.032444,464.0,1061.0
312.838593,260.896883,319.482803,261.087399,313.274479,254.878578,306.234741,260.72731,312.369404,266.967859,385.093803,261.768351,392.075958,261.858759,385.267334,255.423088,378.308907,261.491404,384.909248,268.142109,393.0,19.0
307.727661,177.055049,313.174725,176.849155,307.661209,171.764975,302.329884,177.269268,307.76886,182.370901,369.771996,173.289628,375.662842,173.333073,369.962654,167.806091,364.05777,173.171468,369.642601,178.875475,414.0,151.0
305.737495,210.51291,309.712963,209.878578,305.083351,206.709194,301.657448,210.969672,306.457767,214.151759,329.151192,207.460628,334.571075,207.98182,329.2733,202.958307,323.381004,207.052016,328.753014,212.228322,603.0,51.0
233.217735,287.250137,240.040894,288.757954,234.655304,281.175957,226.436081,285.693798,231.758232,293.299942,310.812931,303.058233,318.323917,304.641953,312.190418,296.710997,303.599548,301.373491,309.426708,309.41803,468.0,321.0
370.656738,247.3948,376.126251,248.82288,372.067909,242.275085,365.293846,246.042395,369.257851,252.475977,436.492233,261.400566,442.984238,262.988663,438.530807,256.114197,430.268402,259.787722,434.432449,266.825924,19.0,49.0
369.382133,257.919331,375.418091,258.910875,370.469666,252.132368,363.417206,256.906815,368.30101,263.611908,441.154366,268.933468,448.895798,270.576296,442.406883,262.573013,433.52993,267.23774,439.898224,275.267258,550.0,389.0
392.604599,298.023806,399.787292,297.86871,391.905899,292.502117,385.21019,298.150063,393.266983,303.475027,471.950493,292.165861,478.172531,291.949453,471.528168,286.597967,465.638657,292.322245,472.327271,297.634735,1759.0,620.0
207.982674,280.61923,215.230045,280.560808,207.964554,274.602156,200.724277,280.660915,207.979774,286.618652,285.074539,277.865582,292.567234,277.525177,285.112762,271.742592,277.650604,278.151884,285.071716,283.945341,589.0,603.0
183.193016,308.281231,190.830517,307.50329,182.42548,302.32481,175.571499,308.994656,183.903923,314.200459,261.421223,299.339561,269.546986,298.447866,260.618229,293.219204,253.411274,300.109377,262.252426,305.386133,614.0,1059.0
185.945511,297.022076,193.267498,296.526661,185.616875,291.194172,178.653908,297.463303,186.256065,302.785692,264.661102,290.234871,272.814674,289.5825,264.151745,283.858109,256.580715,290.870562,265.131912,296.584682,466.0,1060.0
194.807205,255.694427,200.542412,255.411901,195.451164,249.204283,189.15123,255.968227,194.093208,262.309427,265.059414,267.167187,271.821537,268.034792,266.277122,261.195145,258.649406,266.25598,263.874989,273.286743,21.0,55.0
247.543621,206.984825,253.602219,206.299238,247.068481,201.267328,241.569195,207.640915,248.008423,212.684813,313.282547,199.549184,319.607201,199.285398,313.126545,193.586426,307.128582,199.763989,313.515587,205.574942,515.0,150.0
220.256138,274.817448,226.985207,275.031853,220.727043,268.710966,213.540459,274.572687,219.741135,280.938234,296.112537,278.081675,303.45993,278.454237,296.446056,271.56023,288.938732,277.614384,295.870972,284.623547,494.0,501.0
298.925667,325.122814,306.079483,325.569963,299.205246,319.171801,291.759453,324.618931,298.624458,331.035175,378.974533,328.368845,386.21788,328.457737,379.16584,322.788792,371.865234,328.215752,378.754959,333.861008,617.0,1060.0
335.636597,304.493551,342.579231,303.880148,334.523087,298.511524,328.3424,305.129128,336.628952,310.509911,409.705696,288.147554,416.202698,287.674599,408.750076,280.593166,403.07724,288.539915,410.7061,295.627155,1566.0,85.0
313.778667,273.536196,319.52879,274.077044,314.223709,268.669538,308.026085,272.965479,313.268909,278.373528,378.457413,278.302288,384.450684,278.65943,378.931618,273.305483,372.547569,277.895021,378.001518,283.25326,513.0,1079.0
349.795837,263.300114,355.88932,264.011049,350.014038,258.646288,343.601799,262.499027,349.498749,267.854576,411.584282,266.534443,416.871109,266.808586,411.827011,261.68541,406.270981,266.200047,411.356621,271.299162,1612.0,930.0
354.688301,254.413347,360.841446,255.043716,355.253143,249.552269,348.562317,253.756313,354.099159,259.233513,416.178474,260.112362,422.26429,260.689688,416.589432,255.27998,410.146942,259.448376,415.824738,264.890556,772.0,970.0
365.882339,249.369392,371.933517,250.023136,366.108055,244.533119,359.769897,248.669357,365.57972,254.18787,428.564911,253.919849,434.364586,254.262543,428.790054,248.761024,422.721596,253.503885,428.356857,259.000111,1462.0,163.0
368.129616,249.613352,374.04953,250.304174,368.487473,244.874039,362.13295,248.897638,367.698364,254.341164,430.575867,253.689079,435.990562,254.190245,430.991707,248.526535,425.145111,253.099537,430.186768,258.820124,1280.0,164.0
372.328377,248.362312,378.209839,249.075108,372.532845,243.594875,366.340714,247.583113,372.078743,253.112211,433.360443,253.292027,439.306679,253.814535,433.711815,247.971354,427.40551,252.674446,433.064499,258.586178,1372.0,334.0
372.071724,250.017014,378.394585,250.826569,372.511215,245.112934,365.700073,249.187145,371.585388,254.882069,434.116516,255.052929,439.78035,255.567312,434.557495,249.978504,428.451157,254.458179,433.736153,260.101748,1163.0,632.0
379.078217,245.650263,384.388771,246.197348,379.066544,240.725584,373.58036,245.020695,378.998222,250.60956,439.614754,250.1122,445.201797,250.562954,439.842911,245.051966,433.981857,249.615068,439.394493,255.107403,1728.0,94.0
356.568298,242.851238,362.079811,243.502178,357.448235,237.615037,351.097946,242.185564,355.696754,248.093262,415.246468,250.483618,420.880547,250.965929,415.904617,245.524035,409.788857,249.940081,414.638786,255.409355,139.0,190.0
352.97287,241.796408,358.526268,242.473412,353.63205,236.844535,347.472763,241.098919,352.300339,246.73605,410.961838,249.373312,416.461105,249.999762,411.585884,244.559841,405.617752,248.692532,410.356636,254.129591,155.0,342.0
372.849693,244.26527,378.512535,244.773731,372.800026,239.476633,367.067719,243.686485,372.824554,249.05365,433.095207,248.583012,438.693848,249.048414,433.28495,243.18512,427.482376,248.024168,432.925873,253.911839,1712.0,348.0
352.640495,241.345682,358.329887,242.071838,353.311615,236.437082,346.994934,240.613403,351.975861,246.241808,410.732193,247.144461,416.450462,247.547092,411.125298,242.445259,405.185699,246.709957,410.388794,251.806011,237.0,561.0
353.3395,247.526865,358.823814,248.292561,353.837204,243.022184,347.864952,246.716709,352.818718,251.976814,413.346214,253.945169,420.191841,254.595423,413.815384,249.052935,406.490135,253.236036,412.896156,258.739729,448.0,1063.0
353.334541,244.29863,358.739243,244.876671,353.7603,239.524498,347.937164,243.727255,352.877274,249.101143,413.483887,250.507364,419.216995,251.154957,413.800354,245.321674,407.851105,249.767647,413.200951,255.621843,1180.0,503.0
354.352722,247.704878,359.840164,248.396444,354.881287,242.831068,348.846626,247.004814,353.777733,252.580032,414.071045,253.924885,419.979897,254.567184,414.481239,248.715219,408.224869,253.193779,413.723526,259.076271,1188.0,553.0
352.210274,251.766357,357.875786,252.395182,352.747879,246.901588,346.53717,251.05422,351.621475,256.546612,414.239044,258.100777,420.627136,258.760357,414.716339,253.326588,407.794838,257.360773,413.755836,262.773085,1190.0,683.0
344.635544,249.20743,349.455795,249.968891,345.459938,244.464312,339.811401,248.372211,343.806,253.941221,404.796982,255.101366,410.84507,255.852528,405.520439,249.715977,398.988838,254.308691,404.115524,260.582027,433.0,0.0
349.823227,254.996223,355.153961,255.674744,350.485153,250.038071,344.53228,254.249268,349.122734,259.914751,411.420975,259.829578,417.513504,260.458031,411.831856,254.456778,405.519753,259.128942,411.02478,265.209389,543.0,0.0
341.482468,249.728508,345.443001,248.992596,341.07975,245.533705,337.846909,250.31599,342.154274,253.528461,393.648987,246.554832,398.215904,246.783457,393.819504,242.75548,389.15184,246.349239,393.497391,250.467596,838.0,0.0
305.971203,260.68162,311.627655,261.087456,306.303482,255.975752,300.300255,260.216675,305.641098,265.329723,367.347145,263.264666,372.941895,263.368406,367.363777,258.693552,361.895676,263.090601,367.30938,267.733526,605.0,1064.0
296.856022,260.872593,302.44854,260.611925,296.51701,256.530218,291.284618,261.070061,297.187786,265.124931,357.535439,257.580986,364.103508,257.304983,357.338562,252.809658,350.992241,257.806978,357.745323,262.283764,561.0,1067.0
276.796455,257.558498,282.189102,257.662611,276.819687,252.913599,271.437492,257.392073,276.728363,262.135363,332.968216,258.318672,338.618431,258.254156,333.010941,253.773193,327.438354,258.283539,332.949409,262.800665,469.0,1067.0
273.438816,249.842319,278.525429,249.201679,272.843819,245.137911,268.404217,250.425196,274.014435,254.504471,328.103485,240.71125,333.692551,240.222187,327.60685,236.050186,322.638474,241.127872,328.622246,245.379238,357.0,17.0
292.584953,252.581091,297.925854,251.446581,291.64875,247.918739,287.277431,253.666592,293.50502,257.205334,349.184227,240.884628,354.769897,239.618683,348.098679,236.300898,343.686028,242.017536,350.283394,245.356922,404.0,148.0
329.734077,241.301422,334.208527,241.119261,329.692841,236.84319,325.260811,241.46244,329.777069,245.734749,385.921898,238.627353,392.350235,238.859911,385.932503,234.009619,379.520302,238.342366,385.879669,243.209324,626.0,154.0
330.524292,249.373369,335.090828,249.390221,330.804062,244.234543,325.959854,249.303503,330.213394,254.502411,386.404762,250.828257,391.944809,251.033049,386.629486,246.140528,381.068001,250.564013,386.228447,255.537643,304.0,153.0
321.867409,253.990002,326.808128,254.029684,322.01889,248.838615,316.9104,253.880367,321.647415,259.114666,378.032341,255.649424,383.44944,255.679035,377.845497,250.754213,372.833481,255.509033,378.273239,260.524378,413.0,147.0
314.105892,246.239977,319.538612,246.692076,314.568977,241.383648,308.732243,245.739498,313.627663,251.084747,373.658028,248.963928,379.397621,249.294119,373.901901,244.348183,368.036461,248.544788,373.482094,253.54949,525.0,489.0
313.821774,240.272713,318.551235,240.566225,314.48679,235.426097,309.174061,239.96315,313.136406,245.145321,369.766426,243.9709,375.02121,244.502249,370.171089,239.336343,364.735718,243.371143,369.362183,248.63534,19.0,49.0
308.84203,250.952883,313.601742,251.306019,309.114723,246.387348,304.089603,250.527363,308.523693,255.435505,365.598602,255.173721,371.142159,255.692768,365.972061,250.429316,360.294037,254.587183,365.291176,259.890118,359.0,487.0
327.636871,259.303207,332.609406,258.990955,327.2509,254.737701,322.544861,259.57303,327.895317,263.925991,388.784142,255.937557,394.565582,255.663643,388.299179,250.90519,382.95269,256.126556,389.261436,260.896111,1545.0,283.0
229.950542,235.685091,234.631939,236.57969,230.807953,231.293192,225.356922,234.840703,229.095268,240.041199,282.800407,245.123234,287.505493,246.204729,283.897781,240.615892,278.405075,243.970499,281.705494,249.692974,22.0,49.0
248.754597,255.008726,253.690434,254.411573,248.076515,250.922384,243.855286,255.551634,249.451275,259.039507,305.208664,244.128284,311.403313,243.34837,304.395218,239.566584,299.129829,244.820366,305.997124,248.629675,338.0,729.0
258.529549,253.551893,263.407269,252.750835,257.872829,249.012108,253.588905,254.311867,259.125557,258.106613,315.651169,243.918028,321.621017,242.907829,314.813004,239.320107,309.660187,244.879332,316.482048,248.489399,1761.0,955.0
289.46661,244.345808,295.121231,243.809624,288.800278,239.837666,283.625946,244.896612,290.055733,248.956032,347.346764,237.691627,352.601357,236.968575,346.558037,233.008389,342.024536,238.369374,348.123932,242.325211,1863.0,206.0
254.844742,244.925308,259.720001,244.44314,254.573135,240.301552,250.015202,245.361843,255.103493,249.529495,311.19772,238.744011,316.58884,238.349204,310.912018,234.142427,305.873413,239.069953,311.546021,243.320103,530.0,321.0
309.980488,245.254011,316.498642,244.796963,309.899082,240.05579,303.35886,245.566835,310.000114,250.578861,364.841309,248.383312,368.627548,248.644924,364.756966,244.085054,360.727959,248.181324,364.587173,252.72686,18.0,48.0
322.133522,240.023518,326.315384,239.219999,321.683235,237.011805,318.029709,240.856619,322.657089,243.062582,372.55661,237.990775,376.920357,238.686976,372.992706,234.584126,368.390045,237.281485,372.137604,241.329288,344.0,148.0
311.366043,245.458202,315.836811,245.582972,311.336269,241.064157,306.888103,245.256958,311.367302,249.838057,367.69619,244.690933,373.198547,244.764862,367.811928,240.002546,362.380524,244.547138,367.650719,249.353971,485.0,372.0
312.164192,239.747643,316.889229,239.829555,312.333355,235.091786,307.529526,239.655647,311.969604,244.393044,367.173386,239.36614,371.941757,239.459438,367.18586,235.087395,362.658997,239.16923,367.150154,243.678904,17.0,56.0
315.238647,243.746853,319.755039,243.780327,315.492706,239.018369,310.756302,243.661079,314.956703,248.456268,371.748428,243.649349,377.191238,243.815975,371.806183,238.832273,366.456757,243.413029,371.751976,248.458929,521.0,153.0
322.364273,266.612692,327.563057,267.54118,323.148842,261.731844,317.193489,265.627985,321.542969,271.419153,385.920753,279.183369,391.81076,280.078211,387.147446,274.859533,380.326347,278.245125,384.754677,283.437595,500.0,580.0
333.758659,270.801029,339.451256,272.100506,334.744072,265.657454,328.078537,269.372864,332.717743,275.806961,399.52652,285.051498,405.394058,286.220169,400.394173,279.933329,393.727913,283.807468,398.721466,290.018091,1305.0,797.0
357.576714,286.906843,364.521484,287.719259,357.930183,281.43362,350.648918,286.061611,357.157211,292.306337,426.153755,293.001909,432.496796,293.485794,426.516304,287.663555,419.756393,292.424984,425.819244,298.222818,1750.0,1058.0
356.481476,288.383789,363.543472,289.190025,357.008896,282.936974,349.400673,287.484369,355.84938,293.722172,427.517815,294.328079,433.874664,294.795685,427.978172,289.308586,421.031494,293.750153,427.052231,299.239798,1821.0,1013.0
329.475098,276.058731,335.883713,277.039175,330.256157,270.660324,323.111,274.983101,328.666954,281.372738,397.803345,285.466948,404.076347,286.15694,398.236084,280.328579,391.657715,284.703369,397.43187,290.477686,725.0,924.0
346.900826,277.197962,352.661514,277.170153,346.879044,272.28158,341.155701,277.160769,346.886139,282.067394,411.345444,275.985346,417.319527,275.697184,411.016006,270.948486,405.450439,276.165648,411.723976,280.91217,796.0,602.0
356.970825,205.433006,360.697861,205.976171,357.420311,202.459216,353.290291,204.86927,356.515923,208.366084,396.851273,211.310921,400.37571,211.877861,397.37587,208.267922,393.393326,210.708833,396.360283,214.340129,609.0,1060.0
358.293915,203.822079,362.277031,204.011106,358.186111,200.707483,354.281921,203.592753,358.365669,206.902184,398.407021,205.900455,402.318878,206.085134,398.439522,202.403512,394.505272,205.662146,398.411026,209.361391,1566.0,89.0
304.297028,258.327341,308.001175,258.124523,304.066734,254.92135,300.574837,258.50544,304.503288,261.679287,349.874077,255.521221,354.041405,255.278778,349.521523,251.977358,345.746269,255.724926,350.241585,259.025145,466.0,1058.0
308.190079,257.402945,312.45306,257.293282,308.097477,253.49493,303.914375,257.488861,308.232746,261.277084,353.70533,255.448837,357.903595,255.289936,353.501663,251.686993,349.502831,255.548458,353.918076,259.166479,1197.0,561.0
308.843632,259.053383,313.085136,258.960829,308.685417,255.293255,304.589195,259.121819,308.946457,262.781696,355.291214,257.310991,359.778061,257.198353,355.108299,253.442173,350.780296,257.372189,355.471153,261.127424,1252.0,737.0
336.694794,245.266943,339.227524,244.749613,337.026062,243.21579,334.247284,245.724363,336.351776,247.334461,376.725769,239.57325,381.243629,240.070896,377.119713,236.737275,372.092514,239.057779,376.318245,242.390127,185.0,792.0
338.217545,234.151411,341.698189,234.08432,338.719521,230.867715,334.821281,234.2274,337.688866,237.524414,378.758316,236.633778,381.919632,237.06512,379.640465,233.747563,375.732422,236.208315,377.863579,239.547958,250.0,795.0
340.457764,233.232207,344.241371,233.506322,341.073227,230.169668,336.691208,232.919497,339.800682,236.223321,382.302055,237.466822,386.029358,238.18275,382.989006,234.246068,378.61187,236.717091,381.599236,240.659494,462.0,793.0
341.454773,233.204012,345.192337,233.420491,341.922264,230.177093,337.727356,232.946792,340.974541,236.148791,383.598557,237.900209,387.558098,238.749375,384.382668,234.619317,379.66198,237.018099,382.805481,241.108246,672.0,795.0
327.747269,252.512741,331.692505,252.826252,328.004837,249.087868,323.81115,252.160177,327.462769,255.889807,372.833405,255.602388,376.734581,255.774593,372.883453,252.159863,368.962555,255.395651,372.790718,258.999138,776.0,799.0
315.136662,236.388245,318.709469,236.122599,315.063953,233.389764,311.614418,236.656752,315.196228,239.385581,356.410484,233.403411,359.484367,233.537722,356.355209,230.456057,353.511238,233.225212,356.478424,236.391692,15.0,54.0
313.47086,240.467634,316.966076,240.135784,313.134975,237.19099,310.009518,240.814619,313.805237,243.728971,354.711838,236.004281,358.574104,235.874634,354.442444,232.689543,350.832977,236.082888,354.949417,239.255962,1018.0,443.0
311.576061,241.242971,314.917011,240.865059,311.339779,238.143697,308.291626,241.599855,311.811295,244.295597,352.442627,236.73799,355.870552,236.64691,352.428627,233.700628,349.085121,236.795554,352.451363,239.758244,321.0,796.0
308.716736,242.305613,312.206593,241.848507,308.415012,239.064503,305.266895,242.758055,309.013042,245.511675,350.629654,237.271414,354.432945,237.072558,350.46196,234.03873,346.840668,237.413106,350.784569,240.443401,747.0,799.0
308.661957,242.433157,312.17659,241.915569,308.359699,239.317088,305.1717,242.92491,308.938885,245.505724,350.269203,237.498264,353.870049,237.379003,350.103493,234.205799,346.695023,237.57082,350.421829,240.716028,1005.0,795.0
312.675171,238.534884,316.254826,238.208914,312.538509,235.39577,309.144039,238.856778,312.801838,241.644287,353.895073,234.481831,357.155228,234.37058,353.836899,231.343346,350.801468,234.536104,353.975143,237.657022,164.0,819.0
315.364323,237.494702,318.904018,237.280498,315.28286,234.405885,311.859989,237.718277,315.427322,240.566654,356.90136,234.522285,360.441704,234.487152,356.973381,231.387577,353.422546,234.504862,356.848488,237.623677,555.0,385.0
303.504086,260.822153,307.418251,260.434856,303.304672,257.205219,299.568882,261.185102,303.672218,264.414339,348.171005,255.088177,352.311287,254.465218,347.489624,251.432476,344.010925,255.660353,348.841324,258.68474,807.0,132.0
311.247559,266.331768,315.508881,266.34181,311.209335,263.083677,307.006092,266.312857,311.271496,269.568329,357.033844,266.01943,360.930748,265.763483,356.800766,262.670689,353.18882,266.205196,357.301025,269.326344,885.0,462.0
304.922924,259.248276,308.768559,259.369726,305.220451,255.531721,301.10321,259.144535,304.621696,262.968292,349.389954,259.977751,353.527794,259.869518,349.398155,256.374207,345.363007,260.01646,349.3964,263.60321,20.0,54.0
310.049934,258.910761,314.365139,258.981743,310.125332,255.070782,305.73513,258.836203,309.93187,262.734404,355.080109,258.488588,359.212723,258.510075,354.969177,254.54155,350.943871,258.40951,355.193939,262.417889,1118.0,253.0
274.960651,276.589422,278.640671,275.616732,274.096622,272.941761,271.311531,277.524948,275.794277,280.215111,316.962528,265.976372,321.124077,264.919252,316.124573,262.434254,312.930031,266.954784,317.835178,269.550161,196.0,796.0
275.36459,276.248102,279.178753,275.289173,274.472637,272.595291,271.592884,277.179966,276.235752,279.886265,317.221069,265.514231,321.537437,264.367304,316.260872,261.965618,313.021889,266.605053,318.205223,269.076633,222.0,797.0
275.207443,276.136723,278.9534,275.143948,274.355106,272.478819,271.506424,277.091217,276.0425,279.771852,317.153702,265.305548,321.272316,264.198074,316.208,261.841192,313.166065,266.351137,318.12336,268.785295,246.0,795.0
274.395924,250.604239,278.241405,249.312172,273.771172,246.344261,270.663433,251.917934,275.070305,255.092697,326.650772,240.813732,331.017914,240.389729,326.242905,236.338677,322.356529,241.199055,327.016487,245.374718,309.0,801.0
328.823853,194.961004,332.791939,194.094844,328.182106,191.033993,324.871025,195.830956,329.449348,198.884668,377.278404,183.805089,381.92688,182.666874,376.231232,179.792504,372.710114,184.867659,378.346329,187.799048,389.0,799.0
265.788765,209.26795,269.614372,208.508592,265.108986,205.338478,262.000618,210.004621,266.457138,213.144937,312.623825,200.644641,317.776814,199.840651,312.094364,196.438022,307.575378,201.382084,313.213177,204.827814,438.0,798.0
283.581753,208.124385,287.770348,207.309008,282.897797,203.930168,279.437408,208.882341,284.251347,212.263513,333.312263,198.523307,338.357697,197.714424,332.635651,194.285173,328.332558,199.27115,334.019585,202.752185,468.0,799.0
458.405418,229.619551,461.457329,229.06424,457.9533,226.646647,455.426369,230.170298,458.861389,232.585573,495.312843,222.834163,499.273186,222.19564,494.962273,219.767618,491.440773,223.429942,495.69664,225.891681,507.0,800.0
306.187706,260.335293,311.526623,260.540485,306.534519,255.532007,300.919666,260.105639,305.824795,265.105305,362.824936,263.120298,368.559647,263.251762,363.041801,258.408451,357.164841,262.959938,362.664032,267.855835,568.0,797.0
304.157982,262.773771,309.255829,262.955532,304.367161,258.330517,299.108162,262.546377,303.940239,267.150049,361.977158,264.170923,367.629242,264.304447,362.070999,259.680805,356.345406,263.966875,361.919098,268.632803,657.0,796.0
307.184391,259.343548,312.197685,259.458675,307.36145,254.867306,302.187119,259.20805,306.990318,263.786116,364.263077,260.994587,370.176544,261.222496,364.396439,256.270266,358.347092,260.686255,364.141159,265.656853,774.0,791.0
307.731571,259.499731,313.028851,259.700661,307.924404,254.96398,302.479401,259.251451,307.52533,263.973284,365.039101,261.230793,370.540314,261.373959,365.111008,256.624403,359.554367,261.02025,364.991379,265.791578,831.0,794.0
309.28894,260.039091,314.626408,260.198135,309.495296,255.52537,303.989182,259.865141,309.064617,264.528952,366.740341,262.224426,372.742233,262.303476,366.775742,257.386637,360.674744,262.070646,366.68766,267.00388,992.0,798.0
297.060661,263.118496,301.75209,262.010193,296.046886,258.746395,292.340813,264.188261,298.056011,267.428341,348.782997,249.391537,354.471359,248.358164,347.776947,244.82852,343.110008,250.325546,349.825745,253.903828,521.0,541.0
299.671421,263.729696,304.713306,262.390795,298.552361,259.619465,294.669247,265.013123,300.768814,267.778473,351.391029,250.537434,357.068443,249.207029,350.521469,246.380825,345.758438,251.813564,352.275772,254.656534,607.0,1058.0
304.11253,259.892979,309.0798,258.58964,302.825947,255.665131,299.099922,261.197777,305.33987,264.115591,356.424217,246.131973,361.437111,244.920645,355.1231,241.551247,351.371841,247.297554,357.717972,250.689068,1565.0,90.0
